School Name,Mean Earnings (10 Yrs after Entry)
Oakland City University,37200.0
University of Mary Hardin-Baylor,48700.0
East-West University,29000.0
Maharishi International University,30400.0
Lindsey Wilson College,31300.0
Tufts University,103300.0
Goldey-Beacom College,48800.0
The College of Wooster,53000.0
Truett McConnell University,37100.0
Philander Smith College,27300.0
Athens State University,42400.0
St. John's University-New York,62400.0
Paul Smiths College of Arts and Science,38400.0
King University,50300.0
Louisiana State University Health Sciences Center-New Orleans,99800.0
Inter American University of Puerto Rico-Metro,23500.0
Bridgewater State University,47900.0
Washington & Jefferson College,60100.0
Iowa State University,56000.0
Saint Joseph's College of Maine,47000.0
CUNY York College,45300.0
Texas Tech University,61600.0
Stephen F Austin State University,46400.0
Christopher Newport University,52000.0
CUNY City College,50900.0
Eastern Illinois University,46000.0
The New England Conservatory of Music,41200.0
Eastern University,48100.0
York College of Pennsylvania,52200.0
University of Richmond,78900.0
Ohio Wesleyan University,51600.0
Crown College,40100.0
Hilbert College,47700.0
American InterContinental University-Houston,45200.0
Lebanon Valley College,48500.0
Northern Kentucky University,41800.0
Wisconsin Lutheran College,45300.0
College of Biblical Studies-Houston,42800.0
Columbia International University,31400.0
Golden Gate University,82300.0
Babson College,113300.0
Texas Lutheran University,51100.0
Bay Path University,44800.0
Delaware Valley University,44700.0
Northwest Nazarene University,46300.0
Talmudical Seminary Oholei Torah,30500.0
Trinity Baptist College,33300.0
Hallmark University,37500.0
Trinity Bible College and Graduate School,31700.0
Ursinus College,61800.0
Bloomfield College,42700.0
CUNY Hunter College,51800.0
The University of Montana-Western,36700.0
Northpoint Bible College,33500.0
Montclair State University,52400.0
Saginaw Valley State University,42700.0
Wagner College,64700.0
Bushnell University,45700.0
Marian University,46600.0
California State University-Bakersfield,50100.0
Calvin University,48700.0
Bethune-Cookman University,32300.0
Chicago State University,38200.0
University of the Virgin Islands,35500.0
Rasmussen University-Florida,34300.0
Franklin Pierce University,45000.0
Shorter University,50100.0
Lincoln Christian University,37000.0
Bluefield State College,31900.0
MCPHS University,106500.0
Cornerstone University,40800.0
Dominican University,49900.0
Oklahoma Baptist University,45000.0
Barnard College,69700.0
Southern Utah University,45500.0
University of Minnesota-Twin Cities,61200.0
Brescia University,48000.0
Sentara College of Health Sciences,53900.0
Carnegie Mellon University,103000.0
The University of Texas Health Science Center at Houston,138400.0
Villanova University,87600.0
Warren Wilson College,29500.0
Post University,46500.0
College of Mount Saint Vincent,61000.0
Pitzer College,51500.0
CUNY Bernard M Baruch College,63600.0
The University of Texas at Austin,73900.0
South Dakota School of Mines and Technology,62400.0
Dakota Wesleyan University,40900.0
University of the Potomac-Washington DC Campus,54600.0
Pacific Northwest College of Art,37400.0
Frostburg State University,47200.0
Northwest Missouri State University,43700.0
Northwestern State University of Louisiana,39600.0
Citadel Military College of South Carolina,59600.0
California State University-Sacramento,54200.0
University of the Cumberlands,38200.0
Point Park University,42400.0
Grand Canyon University,58500.0
Davis & Elkins College,40200.0
Beth Medrash Govoha,43700.0
University of Science and Arts of Oklahoma,36400.0
Beulah Heights University,36900.0
University of Michigan-Ann Arbor,79000.0
New York University,78600.0
Ave Maria University,33700.0
Strayer University-Alabama,53500.0
West Virginia University,52700.0
Macalester College,55800.0
Strayer University-North Carolina,53500.0
University of Phoenix-Arizona,54900.0
Erskine College,41500.0
Wade College,29800.0
Saint Elizabeth University,49200.0
University of Maryland Eastern Shore,40400.0
Baker University,59500.0
Alfred University,47300.0
Occidental College,59400.0
Columbus State University,38800.0
Marian University,46700.0
Kansas State University,51900.0
Valley City State University,41700.0
The University of Findlay,49100.0
Notre Dame of Maryland University,56400.0
Polytechnic University of Puerto Rico-Orlando,36300.0
Rutgers University-Newark,68100.0
Huntingdon College,43600.0
Western Colorado University,43400.0
Miami International University of Art & Design-Art Institute Dallas,40200.0
Ottawa University-Milwaukee,48100.0
Ohio State University-Main Campus,53600.0
Oral Roberts University,43100.0
The University of Montana,43300.0
Roger Williams University,56000.0
Vanguard University of Southern California,48800.0
La Salle University,61100.0
Boise State University,43100.0
Southwestern College,54000.0
Cleveland State University,46400.0
Saint Louis University,64900.0
Goshen College,42400.0
University of Louisiana at Lafayette,46400.0
Boston University,75900.0
The North Coast College,30300.0
Florida International University,52000.0
The University of Tennessee-Chattanooga,42600.0
School of Visual Arts,47800.0
Medaille College,44200.0
Multnomah University,38100.0
University of Phoenix-Hawaii,54900.0
Western Governors University,48100.0
Bethany Lutheran College,37600.0
Whittier College,50900.0
LaGrange College,45700.0
Benedictine University,56400.0
North Carolina State University at Raleigh,59500.0
Misericordia University,54400.0
Northland College,35500.0
Allen College,52800.0
SUNY Polytechnic Institute,55900.0
New England College,44700.0
Central Christian College of Kansas,34800.0
College of Coastal Georgia,32800.0
University of Puget Sound,59100.0
St Catherine University,51100.0
Warner University,42500.0
Bethel University,43100.0
Millsaps College,54500.0
University of Tulsa,60500.0
Wellesley College,71800.0
Florida State University,53900.0
Union University,49600.0
California State University-Northridge,49700.0
Eastern Connecticut State University,49000.0
Williams Baptist University,36400.0
University of Nebraska Medical Center,108500.0
Brandeis University,69000.0
Lincoln University,36200.0
Cleary University,59500.0
Strayer University-District of Columbia,53500.0
Pacific Oaks College,43100.0
University of Delaware,64000.0
Southwest Baptist University,37400.0
Embry-Riddle Aeronautical University-Daytona Beach,70300.0
Norfolk State University,38800.0
Mount Aloysius College,43200.0
Chamberlain University-Georgia,60400.0
Prescott College,34300.0
Yeshiva Gedolah Imrei Yosef D'spinka,31800.0
Montana State University-Northern,40400.0
Mercy College,44600.0
Luther College,53200.0
Davenport University,35400.0
Adrian College,42800.0
CUNY New York City College of Technology,44700.0
Lourdes University,41300.0
University of Detroit Mercy,53700.0
Newschool of Architecture and Design,55100.0
Life Pacific University,34400.0
Kansas City Art Institute,33200.0
Maine College of Art & Design,32800.0
Kettering University,78500.0
The Art Institute of Houston,39100.0
Wichita State University,45400.0
Bethel University,42800.0
Olivet College,42200.0
University of Dubuque,42500.0
Peru State College,39600.0
Florida Memorial University,29600.0
Walsh University,48300.0
Keuka College,46700.0
University of Advancing Technology,57700.0
Robert Morris University,53100.0
Grand View University,45200.0
University of Virginia's College at Wise,43800.0
Lehigh University,94100.0
Gordon College,47700.0
Belmont Abbey College,44400.0
Saint Peter's University,50900.0
Strayer University-South Carolina,53500.0
Saint Augustine's University,30000.0
Augsburg University,53200.0
University of Minnesota-Duluth,56300.0
Inter American University of Puerto Rico-Guayama,23500.0
Georgetown University,125200.0
Lincoln Memorial University,41600.0
San Diego Christian College,42500.0
College of the Ozarks,35300.0
Minnesota State University-Mankato,48400.0
Edward Waters University,28700.0
Saint Joseph's University,65900.0
Jacksonville State University,38100.0
Roberts Wesleyan College,45700.0
Pratt Institute-Main,48900.0
Great Lakes Christian College,30000.0
Franciscan University of Steubenville,42700.0
Northern Michigan University,39800.0
Amherst College,83300.0
Western Michigan University,50500.0
Universidad del Sagrado Corazon,23400.0
Boricua College,35000.0
Lafayette College,80500.0
Indiana University-Northwest,40400.0
Washburn University,43500.0
University of Sioux Falls,44800.0
Mount Vernon Nazarene University,50000.0
University of Hawaii-West Oahu,41100.0
Lake Superior State University,42000.0
University of Houston-Downtown,49300.0
Southern Adventist University,46300.0
Elizabethtown College,55000.0
University of Missouri-Kansas City,57200.0
University of Hartford,51700.0
Adelphi University,63000.0
Canisius College,51100.0
Denison University,57600.0
Allen University,26400.0
Midwestern State University,47000.0
Austin College,52800.0
Strayer University-Mississippi,53500.0
Florida Southern College,44400.0
Indiana University-Bloomington,57800.0
Ouachita Baptist University,46000.0
Tarleton State University,47700.0
St. John's College,42000.0
Allegheny College,56800.0
University of Maine at Machias,29400.0
Blue Mountain College,29200.0
Jarvis Christian University,27500.0
Howard University,54500.0
Wright State University-Main Campus,46100.0
La Sierra University,54600.0
Lasell University,45700.0
Maryville College,44000.0
University of New Mexico-Main Campus,43900.0
Queens University of Charlotte,49400.0
Inter American University of Puerto Rico-Aguadilla,23500.0
Loyola University Chicago,63500.0
Bennington College,38400.0
Concordia University-Wisconsin,47300.0
Augusta University,70600.0
University of South Dakota,49500.0
Geneva College,43300.0
Cameron University,38200.0
Northern Illinois University,49800.0
Ursuline College,50400.0
College of Saint Mary,43000.0
Universidad Pentecostal Mizpa,22800.0
San Diego State University,55900.0
Trinity Washington University,43100.0
Lubbock Christian University,50500.0
Conservatory of Music of Puerto Rico,22100.0
Monmouth College,46500.0
South University-West Palm Beach,40200.0
Thomas University,37400.0
Cheyney University of Pennsylvania,31600.0
California Lutheran University,60200.0
Wilkes University,58600.0
Lynn University,46500.0
Hawaii Pacific University,56400.0
Lewis University,53600.0
SUNY College at Old Westbury,47500.0
Saint Mary's University of Minnesota,50400.0
Coppin State University,41800.0
Design Institute of San Diego,42300.0
Stetson University,51800.0
Union Institute & University,55000.0
North Central College,52300.0
Howard Payne University,40500.0
Alabama A & M University,35500.0
American InterContinental University,45200.0
University of Bridgeport,47100.0
Rosemont College,46700.0
Kent State University at Kent,42400.0
Delta State University,37600.0
DigiPen Institute of Technology,82400.0
Strayer University-Global Region,53500.0
Missouri Baptist University,39200.0
Milwaukee School of Engineering,71100.0
Centenary College of Louisiana,52500.0
Pacific Lutheran University,53500.0
University of Central Oklahoma,44900.0
The University of Tampa,55100.0
Washington University in St Louis,87900.0
Tennessee State University,39800.0
The University of Texas Health Science Center at San Antonio,111500.0
Palm Beach Atlantic University,48000.0
Johns Hopkins University,89300.0
Warner Pacific University Professional and Graduate Studies,45200.0
Marywood University,43200.0
Kettering College,60200.0
The Art Institute of Atlanta,36000.0
The University of Texas Permian Basin,52300.0
Farmingdale State College,55800.0
The Juilliard School,47300.0
Yeshivath Viznitz,19600.0
Rochester Institute of Technology,67800.0
Simpson University,39900.0
The University of Texas MD Anderson Cancer Center,90100.0
Stanford University,141300.0
Harvard University,139100.0
Brown University,89100.0
Carlow University,44200.0
Mercer University,58200.0
Bethel University,52600.0
Strayer University-Pennsylvania,53500.0
West Chester University of Pennsylvania,51200.0
San Jose State University,63800.0
Wayland Baptist University,47200.0
Heidelberg University,45700.0
Lenoir-Rhyne University,43600.0
University of Massachusetts-Dartmouth,51500.0
Piedmont University,43400.0
University of Mississippi,56600.0
DeVry University-Nevada,50300.0
Central Washington University,50100.0
University of the Southwest,41000.0
La Roche University,42800.0
Winston-Salem State University,37200.0
The New School,55200.0
Madonna University,44400.0
Martin Luther College,37400.0
SUNY at Albany,57600.0
Berry College,43900.0
Milwaukee Institute of Art & Design,37500.0
University of Nebraska-Lincoln,52700.0
Mount Holyoke College,53900.0
Regis College,56800.0
Maryland Institute College of Art,41200.0
Cleveland University-Kansas City,53600.0
Creighton University,70100.0
Franklin College,46300.0
Mississippi College,44900.0
Our Lady of the Lake University,42500.0
Drexel University,78000.0
Russell Sage College,47100.0
Loyola University New Orleans,52300.0
University of North Carolina at Asheville,38800.0
St Bonaventure University,52700.0
Union College,36400.0
Chaminade University of Honolulu,41000.0
Hofstra University,59900.0
Alabama State University,30600.0
Henderson State University,40400.0
University of Florida-Online,65700.0
West Coast University-Miami,67700.0
Methodist University,43700.0
Inter American University of Puerto Rico-Bayamon,23500.0
Jacksonville University,57100.0
Academy of Art University,47300.0
University of Michigan-Flint,44500.0
Texas Christian University,62600.0
CUNY Queens College,52900.0
North Dakota State University-Main Campus,55500.0
Wayne State University,52300.0
Kuyper College,35200.0
Texas Southern University,37600.0
Oglethorpe University,49400.0
Sonoma State University,53200.0
Chamberlain University-Ohio,60400.0
Ripon College,51300.0
University of Arkansas at Little Rock,39500.0
American University,67700.0
Central Penn College,37700.0
Dalton State College,34700.0
SUNY Maritime College,86200.0
Columbia College Chicago,39200.0
Caldwell University,48700.0
Woodbury University,52100.0
The Christ College of Nursing and Health Sciences,56100.0
University of Hawaii at Manoa,51800.0
Samuel Merritt University,111200.0
Centre College,53800.0
Roosevelt University,47700.0
Wittenberg University,49000.0
New York School of Interior Design,53300.0
Northern State University,37300.0
Alaska Pacific University,45300.0
University of Saint Francis-Fort Wayne,43600.0
Texas A & M University-Corpus Christi,48600.0
DeVry University-California,50300.0
Mount Carmel College of Nursing,58100.0
West Coast University-Ontario,67700.0
Trine University-Regional/Non-Traditional Campuses,49600.0
Truman State University,50500.0
University of Illinois Urbana-Champaign,70900.0
Southern University at New Orleans,32100.0
Morningside University,47900.0
Oregon Institute of Technology,57800.0
SUNY College at Plattsburgh,46200.0
Southern Arkansas University Main Campus,39000.0
Johnson University,31700.0
Capital University,48400.0
Ohio Northern University,72600.0
University of Dallas,51400.0
Barry University,50900.0
Stockton University,50700.0
Faith Baptist Bible College and Theological Seminary,38700.0
Strayer University-Georgia,53500.0
Rhode Island School of Design,56400.0
University of North Texas,49300.0
Vassar College,61500.0
DeVry University-Illinois,50300.0
The Art Institute of Austin,39100.0
University of Pennsylvania,131600.0
Winthrop University,39800.0
Inter American University of Puerto Rico-Fajardo,23500.0
Full Sail University,46000.0
The University of the Arts,39100.0
Dominican College of Blauvelt,52500.0
Universidad Politecnica de Puerto Rico,36300.0
Mississippi University for Women,38900.0
Paier College,33900.0
Mount Saint Joseph University,44600.0
Marymount Manhattan College,45500.0
Medical University of South Carolina,111500.0
University of Alabama at Birmingham,48400.0
Butler University,68900.0
Colegio Universitario de San Juan,28100.0
Cumberland University,43000.0
Concordia College at Moorhead,49000.0
Pittsburg State University,44400.0
St. Thomas University,60500.0
Calumet College of Saint Joseph,47800.0
Messenger College,23900.0
Middlebury Institute of International Studies at Monterey,71900.0
Rose-Hulman Institute of Technology,88500.0
Lee University,37800.0
Evangel University,40900.0
University of Southern Indiana,40200.0
Albizu University-San Juan,34000.0
University of San Francisco,74000.0
Cardinal Stritch University,55400.0
James Madison University,63300.0
University of Alaska Fairbanks,45100.0
Whitman College,59400.0
American University of Puerto Rico,24200.0
Duquesne University,68200.0
Chamberlain University-Texas,60400.0
Lewis & Clark College,55000.0
Arizona State University Digital Immersion,55500.0
Illinois Institute of Technology,78000.0
Dillard University,37900.0
Capella University,72600.0
Elon University,58700.0
Central State University,28600.0
LeTourneau University,56800.0
California State University-San Bernardino,48800.0
Strayer University-Delaware,53500.0
Longwood University,45300.0
University of the Potomac-VA Campus,54600.0
Pennsylvania College of Art and Design,30600.0
Southeastern Louisiana University,42800.0
Sterling College,40500.0
Bradley University,58300.0
Rogers State University,39300.0
Muskingum University,43500.0
Fairleigh Dickinson University-Florham Campus,54400.0
University of Maryland-College Park,70800.0
Fort Valley State University,34700.0
Keene State College,45800.0
Lamar University,46000.0
Earlham College,39200.0
University of Connecticut-Stamford,66000.0
Virginia Polytechnic Institute and State University,67100.0
State University of New York at New Paltz,48700.0
AI Miami International University of Art and Design,34800.0
University of West Alabama,40400.0
Bennett College,32700.0
Rensselaer Polytechnic Institute,86000.0
Saint Mary's College of California,63600.0
Campbell University,58000.0
Bridgewater College,46600.0
University of California-Berkeley,79000.0
Grand Valley State University,47200.0
University of New England,51000.0
Saint Xavier University,50600.0
Austin Peay State University,38800.0
Clark Atlanta University,38200.0
University of Colorado Boulder,59700.0
Chamberlain University-Florida,60400.0
University of the District of Columbia,39400.0
Tusculum University,42500.0
Lyon College,44800.0
Nebraska Wesleyan University,52500.0
Clark University,54700.0
Wabash College,64000.0
The University of Texas at El Paso,43300.0
Arcadia University,48000.0
University of Missouri-St Louis,49200.0
University of Idaho,47000.0
Harvey Mudd College,104200.0
Berkeley College-New York,44600.0
Indiana University-Southeast,41800.0
Trevecca Nazarene University,49000.0
Vaughn College of Aeronautics and Technology,59000.0
William Jessup University,45100.0
Point University,34700.0
Marist College,62600.0
Pontifical Catholic University of Puerto Rico-Arecibo,21400.0
Lakeview College of Nursing,67600.0
SUNY at Purchase College,41300.0
Fayetteville State University,34600.0
Huntington University,39000.0
Drew University,58500.0
University of Kansas,59300.0
Bacone College,37000.0
Southern Illinois University-Carbondale,49500.0
South Carolina State University,32500.0
Lake Forest College,55600.0
Tennessee Technological University,46700.0
University of St Thomas,59600.0
Metropolitan College of New York,40100.0
Spelman College,50700.0
Averett University,49000.0
Eastern Michigan University,43900.0
Inter American University of Puerto Rico-San German,23500.0
Aquinas College,42400.0
Fontbonne University,46300.0
Averett University-Non-Traditional Programs,49000.0
Otterbein University,46900.0
DeVry University-New Jersey,50300.0
Inter American University of Puerto Rico-Barranquitas,23500.0
Thomas College,43400.0
Sweet Briar College,43500.0
University of Connecticut-Avery Point,66000.0
Tulane University of Louisiana,86300.0
Olivet Nazarene University,44000.0
Bluefield University,46000.0
University of Saint Joseph,52900.0
DeVry University-Georgia,50300.0
Bryn Mawr College,61000.0
Rochester University,39000.0
Strayer University-Florida,53500.0
The College of Saint Scholastica,56000.0
Chamberlain University-Missouri,60400.0
University of Pittsburgh-Bradford,61200.0
Randall University,38700.0
Maine Maritime Academy,107200.0
Converse University,34800.0
University of Pittsburgh-Greensburg,61200.0
Concordia University-Irvine,50800.0
University of Massachusetts-Boston,53700.0
Wheaton College (Massachusetts),55500.0
Nebraska Methodist College of Nursing & Allied Health,50600.0
Caribbean University-Vega Baja,21400.0
Logan University,55400.0
Cornish College of the Arts,33600.0
Bryan College of Health Sciences,53500.0
West Texas A & M University,46700.0
Linfield University-McMinnville Campus,60300.0
Alverno College,40900.0
Central Baptist College,43000.0
Universidad Ana G. Mendez-Cupey Campus,22700.0
American International College,50000.0
West Virginia State University,33800.0
York College,39000.0
SUNY College at Geneseo,53400.0
Los Angeles Pacific University,55900.0
Linfield University-Online and Continuing Education,60300.0
University of California-Los Angeles,73200.0
Siena College,62300.0
Paine College,29700.0
Dakota State University,43100.0
Alma College,46500.0
South Dakota State University,50200.0
University of Nevada-Reno,56300.0
Santa Clara University,85300.0
The Art Institute of San Antonio,39100.0
Kenyon College,54500.0
Florida Institute of Technology-Online,61200.0
Bentley University,95400.0
University of South Alabama,46800.0
Oakwood University,37400.0
Crowley's Ridge College,29600.0
University of Guam,33300.0
Fordham University,67000.0
University of Alabama in Huntsville,52000.0
Oregon State University,56700.0
William Carey University,40500.0
Berea College,36300.0
Mitchell College,34000.0
Welch College,31000.0
Wartburg College,50600.0
Worcester State University,52400.0
University of Massachusetts-Amherst,57700.0
Oklahoma City University,51100.0
Missouri Southern State University,38100.0
University of Wisconsin-La Crosse,52500.0
Goucher College,55100.0
Inter American University of Puerto Rico-Arecibo,23500.0
Manhattan Christian College,38800.0
University of Wisconsin-Stevens Point,43600.0
Swarthmore College,70000.0
Sarah Lawrence College,48000.0
Baptist Health Sciences University,56000.0
The Art Institute of Virginia Beach,36000.0
Syracuse University,69200.0
CEM College-Humacao,22300.0
University of Mount Union,48600.0
SUNY Downstate Health Sciences University,169600.0
Centenary University,49700.0
Bellin College,62100.0
Tiffin University,47900.0
Alice Lloyd College,41600.0
Mount St. Mary's University,56600.0
Willamette University,57900.0
CUNY Medgar Evers College,39400.0
Mayville State University,43300.0
Clemson University,58900.0
Barton College,39400.0
Western Connecticut State University,50400.0
Millersville University of Pennsylvania,46000.0
Universidad Central de Bayamon,21600.0
Black Hills State University,40500.0
Andrews University,47800.0
DeVry University-Ohio,50300.0
Northern Vermont University,35600.0
Toccoa Falls College,32200.0
Brevard College,35300.0
Loma Linda University,93600.0
University of Wisconsin-Platteville,51200.0
Saint Louis Christian College,32300.0
Herzing University-Atlanta,41600.0
California State University-Long Beach,53000.0
Indiana University-East,34800.0
Smith College,51100.0
Central Christian College of the Bible,30600.0
University of Mary Washington,56200.0
Thomas Aquinas College,45900.0
Point Loma Nazarene University,54400.0
University of St Francis,56500.0
Shenandoah University,52300.0
Union College,47700.0
University of Arkansas for Medical Sciences,69000.0
DeVry University-North Carolina,50300.0
William Penn University,46400.0
Rivier University,49400.0
Chapman University,56600.0
University of New Orleans,43500.0
Aurora University,46200.0
Kean University,48400.0
Pomona College,77300.0
Taylor University,42600.0
Clarkson College,52900.0
Loyola Marymount University,71600.0
West Virginia University Institute of Technology,52700.0
University of Houston,60600.0
Middlebury College,71900.0
Colorado Christian University,44600.0
Waldorf University,42400.0
Le Moyne-Owen College,30200.0
Simmons University,58400.0
Saint John Fisher College,52500.0
Hampton University,50100.0
Mercyhurst University,44200.0
Harris-Stowe State University,30900.0
Mount Saint Mary College,51700.0
Western New England University,61300.0
Baylor University,58400.0
Belmont University,51500.0
Augustana University,49500.0
University of Wisconsin-Oshkosh,45600.0
Assumption University,61300.0
Valparaiso University,54400.0
Rutgers University-New Brunswick,68100.0
University of Northern Colorado,47100.0
East Tennessee State University,40600.0
Hope College,50700.0
Castleton University,40800.0
Regent University,45600.0
Columbia College,43000.0
Johnson & Wales University-Online,42200.0
Southern Wesleyan University,46200.0
Michigan Technological University,66800.0
DeVry College of New York,50300.0
Webber International University,40100.0
Holy Cross College,45300.0
Johnson C Smith University,31400.0
Susquehanna University,60900.0
South University-Austin,40200.0
Schreiner University,44300.0
Eastern Nazarene College,46100.0
Phillips School of Nursing at Mount Sinai Beth Israel,85600.0
Saint Ambrose University,50500.0
Saint Johns University,67100.0
Bluffton University,41700.0
Asbury University,40700.0
University of Southern California,88800.0
Rust College,26600.0
Auburn University,56300.0
Wilberforce University,38400.0
Florida Agricultural and Mechanical University,44700.0
DeVry University-Arizona,50300.0
New Mexico Highlands University,37800.0
California State University Maritime Academy,87800.0
Columbia College Hollywood,39500.0
Buena Vista University,42600.0
SUNY Buffalo State,42200.0
Mount Mary University,43000.0
Western Oregon University,43400.0
Southwestern University,63400.0
Brenau University,45400.0
California State University-San Marcos,51100.0
University of Wisconsin-Whitewater,45800.0
Johnson University Florida,31700.0
Indiana University-South Bend,38100.0
Defiance College,46500.0
Westmont College,58000.0
Juniata College,56800.0
University of Phoenix-Texas,54900.0
Montana State University,48900.0
Gannon University,55100.0
Utah Valley University,50700.0
Princeton University,116300.0
McPherson College,43500.0
University of North Carolina School of the Arts,46700.0
Covenant College,46700.0
Humphreys University-Stockton and Modesto Campuses,33200.0
University of Alaska Anchorage,51200.0
The University of Texas at Tyler,50500.0
Dartmouth College,110200.0
Springfield College,48500.0
Oakland University,48100.0
Quincy University,46000.0
Malone University,48100.0
Hendrix College,44500.0
University of North Alabama,42800.0
Drury University,36200.0
University of North Texas at Dallas,49300.0
Rutgers University-Camden,68100.0
Coker University,37100.0
San Francisco Art Institute,38600.0
Arizona State University Campus Immersion,55500.0
Hamline University,55500.0
Francis Marion University,36900.0
Life University,47200.0
University of Providence,38600.0
Ohio Christian University,33000.0
University of Wisconsin-River Falls,44900.0
Ashford University,47600.0
Colgate University,81100.0
Clear Creek Baptist Bible College,31000.0
University of Nebraska at Kearney,45800.0
Southwest Minnesota State University,41400.0
Pontifical Catholic University of Puerto Rico-Mayaguez,21400.0
National American University-Ellsworth AFB Extension,39500.0
University of La Verne,52700.0
Knox College,43500.0
Albizu University-Miami,34000.0
Gardner-Webb University,41600.0
Sam Houston State University,49700.0
South University-Richmond,40200.0
Morgan State University,42600.0
University of Memphis,43200.0
CUNY John Jay College of Criminal Justice,50000.0
Walla Walla University,50900.0
St. John's College,41400.0
Clarkson University,74200.0
College of Our Lady of the Elms,49600.0
Epic Bible College & Graduate School,32600.0
Grace College and Theological Seminary,37500.0
Abilene Christian University,48900.0
Houston Baptist University,52300.0
Georgetown College,50500.0
Strayer University-Virginia,53500.0
Whitworth University-Adult Degree Programs,48000.0
William Peace University,36900.0
Houghton College,42400.0
Stony Brook University,62600.0
Central Michigan University,46200.0
Anna Maria College,48100.0
Boston College,92500.0
Marquette University,70700.0
Johnson & Wales University-Providence,42200.0
California Institute of Technology,106300.0
University of Wisconsin-Eau Claire,50300.0
Randolph College,41500.0
West Coast University-Orange County,67700.0
Park University,50800.0
Saint Edward's University,55700.0
Thomas Edison State University,57300.0
Franklin University,53800.0
University of Minnesota-Morris,44400.0
American University of Health Sciences,37800.0
Lipscomb University,51500.0
Utica University,48600.0
Maranatha Baptist University,38700.0
Texas Wesleyan University,44400.0
Georgia Southern University,46100.0
University of Arkansas,52700.0
Cedarville University,46800.0
Judson University,47200.0
Randolph-Macon College,54800.0
Nichols College,53500.0
University of the Incarnate Word,52500.0
University of Wisconsin-Madison,68000.0
Massachusetts Maritime Academy,96000.0
Worcester Polytechnic Institute,84600.0
University of Nebraska at Omaha,49300.0
McMurry University,46400.0
The University of Texas at San Antonio,49600.0
Universidad Ana G. Mendez-Gurabo Campus,24000.0
Troy University,41100.0
Eastern Mennonite University,44700.0
Bryant University,77600.0
Governors State University,44000.0
University of California-Santa Barbara,62400.0
Florida Gulf Coast University,45800.0
Marshall University,41700.0
Bethany College,44200.0
Palmer College of Chiropractic,53600.0
Claremont McKenna College,93200.0
Springfield College-Regional Online and Continuing Education,48500.0
DePauw University,66100.0
Wheeling University,49600.0
Morehouse College,49000.0
Faulkner University,40700.0
Central College,48400.0
Georgian Court University,43600.0
Bowie State University,48700.0
Stevenson University,54600.0
Bastyr University,44500.0
Stephens College,41000.0
University of Colorado Colorado Springs,49300.0
Southern New Hampshire University,50200.0
University of New Haven,54600.0
Fort Lewis College,39400.0
National Louis University,50800.0
Adams State University,38100.0
North Carolina A & T State University,39300.0
St. Mary's College of Maryland,55200.0
Lock Haven University,43400.0
Georgia Institute of Technology-Main Campus,85900.0
Ozark Christian College,33900.0
University of Wisconsin-Green Bay,44500.0
South University-Tampa,40200.0
United Talmudical Seminary,26100.0
University of Lynchburg,48800.0
National University,59000.0
Rhode Island College,43900.0
Carroll University,47000.0
University of Southern Mississippi,42700.0
Herzing University-Minneapolis,41600.0
Chestnut Hill College,46800.0
Iowa Wesleyan University,39900.0
Manhattan School of Music,40700.0
Dominican University of California,63600.0
Messiah University,50500.0
Chamberlain University-Indiana,60400.0
Texas State University,51100.0
Ottawa University-Online,48100.0
Central Methodist University-College of Liberal Arts and Sciences,39500.0
University of the Pacific,84200.0
University of Notre Dame,98400.0
Morehead State University,37000.0
Benedict College,27300.0
Texas A&M University-Texarkana,39200.0
Art Academy of Cincinnati,30100.0
Transylvania University,50100.0
SUNY Brockport,45500.0
Columbia University in the City of New York,115600.0
Pontifical Catholic University of Puerto Rico-Ponce,21400.0
Lawrence Technological University,60500.0
Ramapo College of New Jersey,56300.0
Metropolitan State University,51700.0
University of Rhode Island,58400.0
Lakeland University,45100.0
Angelo State University,46300.0
Northwest University,46300.0
Rabbinical College of Ohr Shimon Yisroel,20000.0
Ringling College of Art and Design,43100.0
Southern Methodist University,77900.0
Universidad Adventista de las Antillas,27300.0
Guilford College,39500.0
Tabor College,45500.0
Gonzaga University,63800.0
California State University-East Bay,58200.0
Miami University-Hamilton,55400.0
Lewis-Clark State College,38200.0
Friends University,46900.0
Embry-Riddle Aeronautical University-Worldwide,70300.0
Five Towns College,40100.0
McKendree University,50200.0
Fisk University,36300.0
Purdue University Fort Wayne,39800.0
High Point University,42900.0
Eureka College,40500.0
Central Yeshiva Tomchei Tmimim Lubavitz,37100.0
Fisher College,39600.0
Saint Michael's College,57800.0
University of North Carolina at Charlotte,50300.0
University of San Diego,71100.0
University of Wisconsin-Milwaukee,48200.0
Mount Saint Mary's University,63500.0
University of Pikeville,39000.0
University of Minnesota-Crookston,49100.0
University of Wyoming,54200.0
Walden University,62500.0
Colorado Technical University-Colorado Springs,51300.0
Azusa Pacific University,55900.0
Central Connecticut State University,51600.0
Central Methodist University-College of Graduate and Extended Studies,39500.0
Nova Southeastern University,55600.0
Saint Mary-of-the-Woods College,31900.0
California Aeronautical University,33400.0
Rabbinical College Bobover Yeshiva Bnei Zion,32700.0
North Carolina Central University,35300.0
Eckerd College,46700.0
Stillman College,33700.0
Towson University,55100.0
University of Hawaii at Hilo,41800.0
Academy College,37900.0
Lees-McRae College,34400.0
Uta Mesivta of Kiryas Joel,32600.0
Culver-Stockton College,40100.0
Massachusetts Institute of Technology,153600.0
Oklahoma Wesleyan University,53500.0
Oklahoma State University-Main Campus,55300.0
Martin University,28600.0
Western Washington University,50600.0
University of North Georgia,46200.0
Purdue University-Main Campus,62200.0
Boise Bible College,32700.0
Avila University,49700.0
Wilmington College,41900.0
Strayer University-New Jersey,53500.0
East Stroudsburg University of Pennsylvania,47200.0
College for Creative Studies,50700.0
Lawrence University,48700.0
Capitol Technology University,68100.0
Fitchburg State University,47400.0
Providence College,73400.0
Flagler College,42200.0
Glenville State University,38400.0
Gods Bible School and College,24800.0
The Catholic University of America,60500.0
United States Merchant Marine Academy,98600.0
Wilson College,34000.0
Concordia University-Saint Paul,57100.0
University of Colorado Denver/Anschutz Medical Campus,71200.0
St Olaf College,57300.0
Newberry College,37600.0
Holy Names University,57600.0
Kentucky State University,31300.0
East Texas Baptist University,43600.0
Parker University,62600.0
Murray State University,42300.0
University of Health Sciences and Pharmacy in St. Louis,110600.0
Rollins College,53100.0
Muhlenberg College,65300.0
Fairleigh Dickinson University-Metropolitan Campus,54400.0
Fort Hays State University,42700.0
Clayton  State University,42300.0
South University-Virginia Beach,40200.0
Western Carolina University,41300.0
Davis College,33400.0
Cleveland Institute of Art,41600.0
University of Louisiana at Monroe,46300.0
Pacific Union College,61700.0
Colorado Mesa University,42300.0
The University of the South,51700.0
Southeastern University,37900.0
University of Oregon,51300.0
Kalamazoo College,54400.0
Middle Tennessee State University,44400.0
Rocky Mountain College,47100.0
DeVry University-Virginia,50300.0
Connecticut College,62900.0
University of Vermont,55200.0
The University of West Florida,43400.0
North Park University,45600.0
Loyola University Maryland,78300.0
College of Saint Benedict,57000.0
Thiel College,41700.0
University of Chicago,103000.0
Salisbury University,54200.0
Southern University and A & M College,39600.0
University of Maine at Farmington,37500.0
University of Mount Olive,43700.0
Touro College,41400.0
Mount Mercy University,48400.0
Rockhurst University,57300.0
DeVry University-Florida,50300.0
North Carolina Wesleyan College,41900.0
Livingstone College,26100.0
Bowdoin College,83300.0
Bowling Green State University-Main Campus,45300.0
University of Wisconsin-Parkside,42600.0
Appalachian Bible College,33200.0
Goddard College,39700.0
Birmingham-Southern College,53100.0
Pace University,66800.0
Christian Brothers University,50000.0
Texas A & M International University,46700.0
Stratford University,39900.0
University of Missouri-Columbia,56600.0
Carroll College,49200.0
New Hope Christian College-Eugene,31100.0
St. Francis College,50300.0
Berklee College of Music,38300.0
Anderson University,38400.0
Pfeiffer University,45000.0
Mid-America Christian University,44700.0
Westminster College,49800.0
Mississippi State University,47400.0
Brigham Young University,71500.0
Rocky Mountain College of Art and Design,36700.0
Northeastern University,74200.0
University of Iowa,62000.0
Provo College,26800.0
Neumont College of Computer Science,75100.0
Simpson College,51200.0
DeVry University-Texas,50300.0
Immaculata University,54700.0
Brigham Young University-Hawaii,49100.0
Universidad Teologica del Caribe,22200.0
Liberty University,41400.0
Grinnell College,61000.0
University of Pittsburgh-Johnstown,61200.0
California State University-Dominguez Hills,48500.0
Shepherd University,43000.0
Widener University,59100.0
Chowan University,36200.0
Wesley College,45700.0
Wayne State College,40300.0
Colorado School of Mines,95600.0
Hope International University,40700.0
Embry-Riddle Aeronautical University-Prescott,70300.0
Salem State University,47100.0
St. Andrews University,40100.0
Oklahoma Christian University,43300.0
Mary Baldwin University,39500.0
Montreat College,42500.0
Minneapolis College of Art and Design,43200.0
Seton Hill University,44500.0
Bemidji State University,44000.0
Notre Dame de Namur University,63900.0
The College of Saint Rose,44800.0
University of South Carolina Aiken,40800.0
Washington and Lee University,93300.0
University of Evansville,48800.0
Charter Oak State College,43700.0
Northeastern University Professional Programs,74200.0
Radford University,48000.0
CEM College-San Juan,22300.0
St Lawrence University,60100.0
Saint Anthony College of Nursing,60100.0
Texas A & M University-Commerce,41900.0
University of Virginia-Main Campus,79400.0
Northwestern University,93400.0
University of Phoenix-California,54900.0
Wake Forest University,79600.0
Auburn University at Montgomery,38000.0
Arizona Christian University,34900.0
Wilmington University,46600.0
National American University-Rapid City,39500.0
Lesley University,40500.0
Dickinson College,64100.0
Catawba College,42700.0
Washington Adventist University,46300.0
Regis University,62700.0
South University-Montgomery,40200.0
Huston-Tillotson University,34200.0
The University of Texas at Arlington,54000.0
Claflin University,30700.0
Ithaca College,57600.0
University of Arizona,56000.0
Talladega College,23900.0
Boston Architectural College,50900.0
Utah State University,49600.0
Michigan State University,63200.0
Ferrum College,41100.0
Yale University,124400.0
Cedar Crest College,48700.0
Dordt University,45300.0
Georgia State University,48200.0
Naropa University,27800.0
The University of Texas at Dallas,61400.0
William & Mary,74500.0
Villa Maria College,30000.0
University of Utah,63500.0
Edinboro University of Pennsylvania,38100.0
Yeshiva of Nitra Rabbinical College,32200.0
University of California-Santa Cruz,53800.0
Southern Virginia University,39100.0
University of Central Florida,51200.0
Colorado State University Pueblo,41600.0
Trinity College of Nursing & Health Sciences,50600.0
Fresno Pacific University,45600.0
Baptist Bible College,33300.0
George Fox University,51000.0
National University of Health Sciences,42600.0
McDaniel College,54000.0
Bard College,43700.0
California State University-Stanislaus,48500.0
Mercy College of Health Sciences,48000.0
University of Montevallo,36100.0
William Jewell College,51300.0
Roanoke College,52000.0
University of Phoenix-Nevada,54900.0
SUNY at Fredonia,44700.0
Endicott College,56200.0
Northwest College of Art & Design,32200.0
Cabrini University,49600.0
Northeastern State University,41000.0
California State University-Chico,55400.0
Concordia University-Chicago,42700.0
Langston University,31100.0
The University of Texas Rio Grande Valley,44200.0
Notre Dame College,43900.0
University of California-Davis,68100.0
University of Toledo,52800.0
University of Rochester,74300.0
Trinity International University-Florida,45400.0
University of Kentucky,54000.0
Harding University,47000.0
Manhattanville College,50700.0
Colorado College,49900.0
Cornell University,101200.0
Washington College,56500.0
University of Georgia,59100.0
Georgia Southwestern State University,40100.0
University of Jamestown,49600.0
University of Pittsburgh-Pittsburgh Campus,61200.0
Skidmore College,57000.0
University of Michigan-Dearborn,56200.0
Xavier University of Louisiana,64500.0
Finlandia University,38700.0
Hastings College,47500.0
University of South Carolina-Upstate,41300.0
Neumann University,47200.0
Maryville University of Saint Louis,51100.0
Indiana University-Purdue University-Indianapolis,50700.0
East Central University,42200.0
Duke University,114500.0
Ferris State University,49600.0
Bon Secours Memorial College of Nursing,57500.0
Valdosta State University,41600.0
New Mexico Institute of Mining and Technology,58500.0
Saint Francis University,57400.0
University of Portland,62500.0
Bloomsburg University of Pennsylvania,48100.0
Inter American University of Puerto Rico-Ponce,23500.0
University of California-Irvine,65800.0
SUNY Oneonta,46700.0
Wheaton College,60500.0
New York Institute of Technology,68100.0
Elizabeth City State University,32200.0
Massachusetts College of Art and Design,40700.0
Waynesburg University,51200.0
Case Western Reserve University,89300.0
Lancaster Bible College,37900.0
Southern California Institute of Architecture,44200.0
The Baptist College of Florida,36200.0
University of North Florida,49200.0
South University-Savannah,40200.0
Pacific Rim Christian University,31100.0
Winona State University,48600.0
Oregon Health & Science University,114900.0
SUNY College at Potsdam,41300.0
